Model,Mean Error,Std Dev,Min Error,Max Error
SARIMA,-8.227063796394619,25.58661533132652,-47.99437728164639,47.621653230676
LSTM,1.7297410950487178,35.59966431542204,-53.9178832820667,61.87996879014918
Prophet,1.6058848588648926,24.43383441003259,-40.52055429258121,51.98469136899962
